scenario,vol,p1,p2,path,seed,estimator,j,theta_hat,n1,n2
constant_sync,constant,0.0,0.0,1,365994733,HK_HY_non_sync,1,1.0,2049,2049
constant_sync,constant,0.0,0.0,1,365994733,HK_HY_non_sync,2,1.0,2049,2049
constant_sync,constant,0.0,0.0,1,365994733,HK_HY_non_sync,3,1.0,2049,2049
constant_sync,constant,0.0,0.0,1,365994733,HK_HY_non_sync,4,1.0,2049,2049
constant_sync,constant,0.0,0.0,1,365994733,HK_HY_non_sync,5,0.0,2049,2049
constant_sync,constant,0.0,0.0,1,365994733,HK_HY_non_sync,6,-1.0,2049,2049
constant_sync,constant,0.0,0.0,1,365994733,HK_HY_non_sync,7,-4.0,2049,2049
constant_sync,constant,0.0,0.0,1,365994733,HK_HY_non_sync,8,-23.0,2049,2049
constant_sync,constant,0.0,0.0,2,127110760,HK_HY_non_sync,1,1.0,2049,2049
constant_sync,constant,0.0,0.0,2,127110760,HK_HY_non_sync,2,1.0,2049,2049
constant_sync,constant,0.0,0.0,2,127110760,HK_HY_non_sync,3,1.0,2049,2049
constant_sync,constant,0.0,0.0,2,127110760,HK_HY_non_sync,4,1.0,2049,2049
constant_sync,constant,0.0,0.0,2,127110760,HK_HY_non_sync,5,1.0,2049,2049
constant_sync,constant,0.0,0.0,2,127110760,HK_HY_non_sync,6,-3.0,2049,2049
constant_sync,constant,0.0,0.0,2,127110760,HK_HY_non_sync,7,-9.0,2049,2049
constant_sync,constant,0.0,0.0,2,127110760,HK_HY_non_sync,8,14.0,2049,2049
constant_sync,constant,0.0,0.0,3,894302036,HK_HY_non_sync,1,1.0,2049,2049
constant_sync,constant,0.0,0.0,3,894302036,HK_HY_non_sync,2,1.0,2049,2049
constant_sync,constant,0.0,0.0,3,894302036,HK_HY_non_sync,3,2.0,2049,2049
constant_sync,constant,0.0,0.0,3,894302036,HK_HY_non_sync,4,1.0,2049,2049
constant_sync,constant,0.0,0.0,3,894302036,HK_HY_non_sync,5,0.0,2049,2049
constant_sync,constant,0.0,0.0,3,894302036,HK_HY_non_sync,6,1.0,2049,2049
constant_sync,constant,0.0,0.0,3,894302036,HK_HY_non_sync,7,-95.0,2049,2049
constant_sync,constant,0.0,0.0,3,894302036,HK_HY_non_sync,8,26.0,2049,2049
constant_lm_moderate,constant,0.25,0.5,1,2081528600,HK_HY_non_sync,1,1.0,1528,1043
constant_lm_moderate,constant,0.25,0.5,1,2081528600,HK_HY_non_sync,2,1.0,1528,1043
constant_lm_moderate,constant,0.25,0.5,1,2081528600,HK_HY_non_sync,3,1.0,1528,1043
constant_lm_moderate,constant,0.25,0.5,1,2081528600,HK_HY_non_sync,4,2.0,1528,1043
constant_lm_moderate,constant,0.25,0.5,1,2081528600,HK_HY_non_sync,5,3.0,1528,1043
constant_lm_moderate,constant,0.25,0.5,1,2081528600,HK_HY_non_sync,6,-3.0,1528,1043
constant_lm_moderate,constant,0.25,0.5,1,2081528600,HK_HY_non_sync,7,74.0,1528,1043
constant_lm_moderate,constant,0.25,0.5,1,2081528600,HK_HY_non_sync,8,-15.0,1528,1043
constant_lm_moderate,constant,0.25,0.5,1,2081528600,previous_tick_interpolated,1,1.0,2049,2049
constant_lm_moderate,constant,0.25,0.5,1,2081528600,previous_tick_interpolated,2,1.0,2049,2049
constant_lm_moderate,constant,0.25,0.5,1,2081528600,previous_tick_interpolated,3,1.0,2049,2049
constant_lm_moderate,constant,0.25,0.5,1,2081528600,previous_tick_interpolated,4,1.0,2049,2049
constant_lm_moderate,constant,0.25,0.5,1,2081528600,previous_tick_interpolated,5,1.0,2049,2049
constant_lm_moderate,constant,0.25,0.5,1,2081528600,previous_tick_interpolated,6,-3.0,2049,2049
constant_lm_moderate,constant,0.25,0.5,1,2081528600,previous_tick_interpolated,7,72.0,2049,2049
constant_lm_moderate,constant,0.25,0.5,1,2081528600,previous_tick_interpolated,8,-22.0,2049,2049
constant_lm_moderate,constant,0.25,0.5,2,2048464303,HK_HY_non_sync,1,1.0,1548,1014
constant_lm_moderate,constant,0.25,0.5,2,2048464303,HK_HY_non_sync,2,1.0,1548,1014
constant_lm_moderate,constant,0.25,0.5,2,2048464303,HK_HY_non_sync,3,1.0,1548,1014
constant_lm_moderate,constant,0.25,0.5,2,2048464303,HK_HY_non_sync,4,1.0,1548,1014
constant_lm_moderate,constant,0.25,0.5,2,2048464303,HK_HY_non_sync,5,0.0,1548,1014
constant_lm_moderate,constant,0.25,0.5,2,2048464303,HK_HY_non_sync,6,-2.0,1548,1014
constant_lm_moderate,constant,0.25,0.5,2,2048464303,HK_HY_non_sync,7,100.0,1548,1014
constant_lm_moderate,constant,0.25,0.5,2,2048464303,HK_HY_non_sync,8,4.0,1548,1014
constant_lm_moderate,constant,0.25,0.5,2,2048464303,previous_tick_interpolated,1,1.0,2049,2049
constant_lm_moderate,constant,0.25,0.5,2,2048464303,previous_tick_interpolated,2,1.0,2049,2049
constant_lm_moderate,constant,0.25,0.5,2,2048464303,previous_tick_interpolated,3,1.0,2049,2049
constant_lm_moderate,constant,0.25,0.5,2,2048464303,previous_tick_interpolated,4,0.0,2049,2049
constant_lm_moderate,constant,0.25,0.5,2,2048464303,previous_tick_interpolated,5,1.0,2049,2049
constant_lm_moderate,constant,0.25,0.5,2,2048464303,previous_tick_interpolated,6,-1.0,2049,2049
constant_lm_moderate,constant,0.25,0.5,2,2048464303,previous_tick_interpolated,7,12.0,2049,2049
constant_lm_moderate,constant,0.25,0.5,2,2048464303,previous_tick_interpolated,8,9.0,2049,2049
constant_lm_moderate,constant,0.25,0.5,3,1809507340,HK_HY_non_sync,1,1.0,1533,1011
constant_lm_moderate,constant,0.25,0.5,3,1809507340,HK_HY_non_sync,2,1.0,1533,1011
constant_lm_moderate,constant,0.25,0.5,3,1809507340,HK_HY_non_sync,3,1.0,1533,1011
constant_lm_moderate,constant,0.25,0.5,3,1809507340,HK_HY_non_sync,4,2.0,1533,1011
constant_lm_moderate,constant,0.25,0.5,3,1809507340,HK_HY_non_sync,5,1.0,1533,1011
constant_lm_moderate,constant,0.25,0.5,3,1809507340,HK_HY_non_sync,6,1.0,1533,1011
constant_lm_moderate,constant,0.25,0.5,3,1809507340,HK_HY_non_sync,7,-77.0,1533,1011
constant_lm_moderate,constant,0.25,0.5,3,1809507340,HK_HY_non_sync,8,-4.0,1533,1011
constant_lm_moderate,constant,0.25,0.5,3,1809507340,previous_tick_interpolated,1,1.0,2049,2049
constant_lm_moderate,constant,0.25,0.5,3,1809507340,previous_tick_interpolated,2,3.0,2049,2049
constant_lm_moderate,constant,0.25,0.5,3,1809507340,previous_tick_interpolated,3,1.0,2049,2049
constant_lm_moderate,constant,0.25,0.5,3,1809507340,previous_tick_interpolated,4,0.0,2049,2049
constant_lm_moderate,constant,0.25,0.5,3,1809507340,previous_tick_interpolated,5,0.0,2049,2049
constant_lm_moderate,constant,0.25,0.5,3,1809507340,previous_tick_interpolated,6,0.0,2049,2049
constant_lm_moderate,constant,0.25,0.5,3,1809507340,previous_tick_interpolated,7,1.0,2049,2049
constant_lm_moderate,constant,0.25,0.5,3,1809507340,previous_tick_interpolated,8,-31.0,2049,2049
constant_lm_high,constant,0.25,0.75,1,1558729212,HK_HY_non_sync,1,34.0,1560,502
constant_lm_high,constant,0.25,0.75,1,1558729212,HK_HY_non_sync,2,1.0,1560,502
constant_lm_high,constant,0.25,0.75,1,1558729212,HK_HY_non_sync,3,2.0,1560,502
constant_lm_high,constant,0.25,0.75,1,1558729212,HK_HY_non_sync,4,1.0,1560,502
constant_lm_high,constant,0.25,0.75,1,1558729212,HK_HY_non_sync,5,0.0,1560,502
constant_lm_high,constant,0.25,0.75,1,1558729212,HK_HY_non_sync,6,-2.0,1560,502
constant_lm_high,constant,0.25,0.75,1,1558729212,HK_HY_non_sync,7,-4.0,1560,502
constant_lm_high,constant,0.25,0.75,1,1558729212,HK_HY_non_sync,8,100.0,1560,502
constant_lm_high,constant,0.25,0.75,1,1558729212,previous_tick_interpolated,1,-88.0,2049,2049
constant_lm_high,constant,0.25,0.75,1,1558729212,previous_tick_interpolated,2,58.0,2049,2049
constant_lm_high,constant,0.25,0.75,1,1558729212,previous_tick_interpolated,3,0.0,2049,2049
constant_lm_high,constant,0.25,0.75,1,1558729212,previous_tick_interpolated,4,-2.0,2049,2049
constant_lm_high,constant,0.25,0.75,1,1558729212,previous_tick_interpolated,5,-2.0,2049,2049
constant_lm_high,constant,0.25,0.75,1,1558729212,previous_tick_interpolated,6,-5.0,2049,2049
constant_lm_high,constant,0.25,0.75,1,1558729212,previous_tick_interpolated,7,-10.0,2049,2049
constant_lm_high,constant,0.25,0.75,1,1558729212,previous_tick_interpolated,8,100.0,2049,2049
constant_lm_high,constant,0.25,0.75,2,1506253675,HK_HY_non_sync,1,-17.0,1532,531
constant_lm_high,constant,0.25,0.75,2,1506253675,HK_HY_non_sync,2,1.0,1532,531
constant_lm_high,constant,0.25,0.75,2,1506253675,HK_HY_non_sync,3,2.0,1532,531
constant_lm_high,constant,0.25,0.75,2,1506253675,HK_HY_non_sync,4,2.0,1532,531
constant_lm_high,constant,0.25,0.75,2,1506253675,HK_HY_non_sync,5,2.0,1532,531
constant_lm_high,constant,0.25,0.75,2,1506253675,HK_HY_non_sync,6,3.0,1532,531
constant_lm_high,constant,0.25,0.75,2,1506253675,HK_HY_non_sync,7,6.0,1532,531
constant_lm_high,constant,0.25,0.75,2,1506253675,HK_HY_non_sync,8,-33.0,1532,531
constant_lm_high,constant,0.25,0.75,2,1506253675,previous_tick_interpolated,1,2.0,2049,2049
constant_lm_high,constant,0.25,0.75,2,1506253675,previous_tick_interpolated,2,1.0,2049,2049
constant_lm_high,constant,0.25,0.75,2,1506253675,previous_tick_interpolated,3,0.0,2049,2049
constant_lm_high,constant,0.25,0.75,2,1506253675,previous_tick_interpolated,4,-1.0,2049,2049
constant_lm_high,constant,0.25,0.75,2,1506253675,previous_tick_interpolated,5,-2.0,2049,2049
constant_lm_high,constant,0.25,0.75,2,1506253675,previous_tick_interpolated,6,3.0,2049,2049
constant_lm_high,constant,0.25,0.75,2,1506253675,previous_tick_interpolated,7,2.0,2049,2049
constant_lm_high,constant,0.25,0.75,2,1506253675,previous_tick_interpolated,8,-42.0,2049,2049
constant_lm_high,constant,0.25,0.75,3,113298368,HK_HY_non_sync,1,-93.0,1541,515
constant_lm_high,constant,0.25,0.75,3,113298368,HK_HY_non_sync,2,1.0,1541,515
constant_lm_high,constant,0.25,0.75,3,113298368,HK_HY_non_sync,3,1.0,1541,515
constant_lm_high,constant,0.25,0.75,3,113298368,HK_HY_non_sync,4,1.0,1541,515
constant_lm_high,constant,0.25,0.75,3,113298368,HK_HY_non_sync,5,0.0,1541,515
constant_lm_high,constant,0.25,0.75,3,113298368,HK_HY_non_sync,6,-1.0,1541,515
constant_lm_high,constant,0.25,0.75,3,113298368,HK_HY_non_sync,7,-10.0,1541,515
constant_lm_high,constant,0.25,0.75,3,113298368,HK_HY_non_sync,8,-6.0,1541,515
constant_lm_high,constant,0.25,0.75,3,113298368,previous_tick_interpolated,1,48.0,2049,2049
constant_lm_high,constant,0.25,0.75,3,113298368,previous_tick_interpolated,2,3.0,2049,2049
constant_lm_high,constant,0.25,0.75,3,113298368,previous_tick_interpolated,3,0.0,2049,2049
constant_lm_high,constant,0.25,0.75,3,113298368,previous_tick_interpolated,4,0.0,2049,2049
constant_lm_high,constant,0.25,0.75,3,113298368,previous_tick_interpolated,5,-1.0,2049,2049
constant_lm_high,constant,0.25,0.75,3,113298368,previous_tick_interpolated,6,-1.0,2049,2049
constant_lm_high,constant,0.25,0.75,3,113298368,previous_tick_interpolated,7,-9.0,2049,2049
constant_lm_high,constant,0.25,0.75,3,113298368,previous_tick_interpolated,8,-31.0,2049,2049
heston_lm_high,heston,0.25,0.75,1,219539716,HK_HY_non_sync,1,1.0,1534,514
heston_lm_high,heston,0.25,0.75,1,219539716,HK_HY_non_sync,2,1.0,1534,514
heston_lm_high,heston,0.25,0.75,1,219539716,HK_HY_non_sync,3,1.0,1534,514
heston_lm_high,heston,0.25,0.75,1,219539716,HK_HY_non_sync,4,1.0,1534,514
heston_lm_high,heston,0.25,0.75,1,219539716,HK_HY_non_sync,5,3.0,1534,514
heston_lm_high,heston,0.25,0.75,1,219539716,HK_HY_non_sync,6,0.0,1534,514
heston_lm_high,heston,0.25,0.75,1,219539716,HK_HY_non_sync,7,-69.0,1534,514
heston_lm_high,heston,0.25,0.75,1,219539716,HK_HY_non_sync,8,-29.0,1534,514
heston_lm_high,heston,0.25,0.75,1,219539716,previous_tick_interpolated,1,2.0,2049,2049
heston_lm_high,heston,0.25,0.75,1,219539716,previous_tick_interpolated,2,17.0,2049,2049
heston_lm_high,heston,0.25,0.75,1,219539716,previous_tick_interpolated,3,0.0,2049,2049
heston_lm_high,heston,0.25,0.75,1,219539716,previous_tick_interpolated,4,-1.0,2049,2049
heston_lm_high,heston,0.25,0.75,1,219539716,previous_tick_interpolated,5,1.0,2049,2049
heston_lm_high,heston,0.25,0.75,1,219539716,previous_tick_interpolated,6,-1.0,2049,2049
heston_lm_high,heston,0.25,0.75,1,219539716,previous_tick_interpolated,7,2.0,2049,2049
heston_lm_high,heston,0.25,0.75,1,219539716,previous_tick_interpolated,8,-20.0,2049,2049
heston_lm_high,heston,0.25,0.75,2,1599278428,HK_HY_non_sync,1,-12.0,1522,496
heston_lm_high,heston,0.25,0.75,2,1599278428,HK_HY_non_sync,2,97.0,1522,496
heston_lm_high,heston,0.25,0.75,2,1599278428,HK_HY_non_sync,3,-13.0,1522,496
heston_lm_high,heston,0.25,0.75,2,1599278428,HK_HY_non_sync,4,3.0,1522,496
heston_lm_high,heston,0.25,0.75,2,1599278428,HK_HY_non_sync,5,29.0,1522,496
heston_lm_high,heston,0.25,0.75,2,1599278428,HK_HY_non_sync,6,-2.0,1522,496
heston_lm_high,heston,0.25,0.75,2,1599278428,HK_HY_non_sync,7,-4.0,1522,496
heston_lm_high,heston,0.25,0.75,2,1599278428,HK_HY_non_sync,8,-94.0,1522,496
heston_lm_high,heston,0.25,0.75,2,1599278428,previous_tick_interpolated,1,-12.0,2049,2049
heston_lm_high,heston,0.25,0.75,2,1599278428,previous_tick_interpolated,2,-36.0,2049,2049
heston_lm_high,heston,0.25,0.75,2,1599278428,previous_tick_interpolated,3,-14.0,2049,2049
heston_lm_high,heston,0.25,0.75,2,1599278428,previous_tick_interpolated,4,0.0,2049,2049
heston_lm_high,heston,0.25,0.75,2,1599278428,previous_tick_interpolated,5,28.0,2049,2049
heston_lm_high,heston,0.25,0.75,2,1599278428,previous_tick_interpolated,6,-6.0,2049,2049
heston_lm_high,heston,0.25,0.75,2,1599278428,previous_tick_interpolated,7,-8.0,2049,2049
heston_lm_high,heston,0.25,0.75,2,1599278428,previous_tick_interpolated,8,-95.0,2049,2049
heston_lm_high,heston,0.25,0.75,3,338715847,HK_HY_non_sync,1,26.0,1541,513
heston_lm_high,heston,0.25,0.75,3,338715847,HK_HY_non_sync,2,57.0,1541,513
heston_lm_high,heston,0.25,0.75,3,338715847,HK_HY_non_sync,3,2.0,1541,513
heston_lm_high,heston,0.25,0.75,3,338715847,HK_HY_non_sync,4,2.0,1541,513
heston_lm_high,heston,0.25,0.75,3,338715847,HK_HY_non_sync,5,1.0,1541,513
heston_lm_high,heston,0.25,0.75,3,338715847,HK_HY_non_sync,6,3.0,1541,513
heston_lm_high,heston,0.25,0.75,3,338715847,HK_HY_non_sync,7,-4.0,1541,513
heston_lm_high,heston,0.25,0.75,3,338715847,HK_HY_non_sync,8,8.0,1541,513
heston_lm_high,heston,0.25,0.75,3,338715847,previous_tick_interpolated,1,20.0,2049,2049
heston_lm_high,heston,0.25,0.75,3,338715847,previous_tick_interpolated,2,79.0,2049,2049
heston_lm_high,heston,0.25,0.75,3,338715847,previous_tick_interpolated,3,1.0,2049,2049
heston_lm_high,heston,0.25,0.75,3,338715847,previous_tick_interpolated,4,0.0,2049,2049
heston_lm_high,heston,0.25,0.75,3,338715847,previous_tick_interpolated,5,-2.0,2049,2049
heston_lm_high,heston,0.25,0.75,3,338715847,previous_tick_interpolated,6,-1.0,2049,2049
heston_lm_high,heston,0.25,0.75,3,338715847,previous_tick_interpolated,7,-13.0,2049,2049
heston_lm_high,heston,0.25,0.75,3,338715847,previous_tick_interpolated,8,-5.0,2049,2049
